#DisplayName,IncludeFile,DefineFile,nFontId,eFontRefType,pvFontRef,nFontSz,LogicalFont,LogicalFontSize,LogicalFontStyle
BuiltIn(1x)->5x8pt7b,NULL,NULL,E_FONT_TXT1,GSLC_FONTREF_PTR,NULL,1,Monospaced,5,PLAIN
BuiltIn(2x)->10x16pt7b,NULL,NULL,E_FONT_TXT2,GSLC_FONTREF_PTR,NULL,2,Monospaced,10,PLAIN
BuiltIn(3x)->15x24pt7b,NULL,NULL,E_FONT_TXT3,GSLC_FONTREF_PTR,NULL,3,Monospaced,15,PLAIN
BuiltIn(4x)->20x32pt7b,NULL,NULL,E_FONT_TXT4,GSLC_FONTREF_PTR,NULL,4,Monospaced,20,PLAIN
BuiltIn(5x)->25x40pt7b,NULL,NULL,E_FONT_TXT5,GSLC_FONTREF_PTR,NULL,5,Monospaced,25,PLAIN
FreeSans9pt7b,Fonts/FreeSans9pt7b.h,NULL,E_FONT_SANS1,GSLC_FONTREF_PTR,&FreeSans9pt7b,1,FreeSans,9,PLAIN
FreeSans12pt7b,Fonts/FreeSans12pt7b.h,NULL,E_FONT_SANS2,GSLC_FONTREF_PTR,&FreeSans12pt7b,1,FreeSans,12,PLAIN
FreeSans18pt7b,Fonts/FreeSans18pt7b.h,NULL,E_FONT_SANS3,GSLC_FONTREF_PTR,&FreeSans18pt7b,1,SansSerif,18,PLAIN
FreeSans24pt7b,Fonts/FreeSans24pt7b.h,NULL,E_FONT_SANS4,GSLC_FONTREF_PTR,&FreeSans24pt7b,1,SansSerif,24,PLAIN
FreeSansBold9pt7b,Fonts/FreeSansBold9pt7b.h,NULL,E_FONT_SANSB1,GSLC_FONTREF_PTR,&FreeSansBold9pt7b,1,SansSerif,9,BOLD
FreeSansBold12pt7b,Fonts/FreeSansBold12pt7b.h,NULL,E_FONT_SANSB2,GSLC_FONTREF_PTR,&FreeSansBold12pt7b,1,SansSerif,12,BOLD
FreeSansBold18pt7b,Fonts/FreeSansBold18pt7b.h,NULL,E_FONT_SANSB3,GSLC_FONTREF_PTR,&FreeSansBold18pt7b,1,SansSerif,18,BOLD
FreeSansBold24pt7b,Fonts/FreeSansBold24pt7b.h,NULL,E_FONT_SANSB4,GSLC_FONTREF_PTR,&FreeSansBold24pt7b,1,SansSerif,24,BOLD
FreeSansOblique9pt7b,Fonts/FreeSansOblique9pt7b.h,NULL,E_FONT_SANSI1,GSLC_FONTREF_PTR,&FreeSansOblique9pt7b,1,SansSerif,9,ITALIC
FreeSansOblique12pt7b,Fonts/FreeSansOblique12pt7b.h,NULL,E_FONT_SANSI2,GSLC_FONTREF_PTR,&FreeSansOblique12pt7b,1,SansSerif,12,ITALIC
FreeSansOblique18pt7b,Fonts/FreeSansOblique18pt7b.h,NULL,E_FONT_SANSI3,GSLC_FONTREF_PTR,&FreeSansOblique18pt7b,1,SansSerif,18,ITALIC
FreeSansOblique24pt7b,Fonts/FreeSansOblique24pt7b.h,NULL,E_FONT_SANSI4,GSLC_FONTREF_PTR,&FreeSansOblique24pt7b,1,SansSerif,24,ITALIC
#FreeSansBoldOblique9pt7b,Fonts/FreeSansBoldOblique9pt7b.h,NULL,E_FONT_SANSBI1,GSLC_FONTREF_PTR,&FreeSansBoldOblique9pt7b,1,SansSerif,9,BOLD+ITALIC
#FreeSansBoldOblique12pt7b,Fonts/FreeSansBoldOblique12pt7b.h,NULL,E_FONT_SANSBI2,GSLC_FONTREF_PTR,&FreeSansBoldOblique12pt7b,1,SansSerif,12,BOLD+ITALIC
#FreeSansBoldOblique18pt7b,Fonts/FreeSansBoldOblique18pt7b.h,NULL,E_FONT_SANSBI3,GSLC_FONTREF_PTR,&FreeSansBoldOblique18pt7b,1,SansSerif,18,BOLD+ITALIC
#FreeSansBoldOblique24pt7b,Fonts/FreeSansBoldOblique24pt7b.h,NULL,E_FONT_SANSBI4,GSLC_FONTREF_PTR,&FreeSansBoldOblique24pt7b,1,SansSerif,24,BOLD+ITALIC
FreeSerif9pt7b,Fonts/FreeSerif9pt7b.h,NULL,E_FONT_SERIF1,GSLC_FONTREF_PTR,&FreeSerif9pt7b,1,Serif,9,PLAIN
FreeSerif12pt7b,Fonts/FreeSerif12pt7b.h,NULL,E_FONT_SERIF2,GSLC_FONTREF_PTR,&FreeSerif12pt7b,1,Serif,12,PLAIN
FreeSerif18pt7b,Fonts/FreeSerif18pt7b.h,NULL,E_FONT_SERIF3,GSLC_FONTREF_PTR,&FreeSerif18pt7b,1,Serif,18,PLAIN
FreeSerif24pt7b,Fonts/FreeSerif24pt7b.h,NULL,E_FONT_SERIF4,GSLC_FONTREF_PTR,&FreeSerif24pt7b,1,Serif,24,PLAIN
FreeSerifBold9pt7b,Fonts/FreeSerifBold9pt7b.h,NULL,E_FONT_SERIFB1,GSLC_FONTREF_PTR,&FreeSerifBold9pt7b,1,Serif,9,BOLD
FreeSerifBold12pt7b,Fonts/FreeSerifBold12pt7b.h,NULL,E_FONT_SERIFB2,GSLC_FONTREF_PTR,&FreeSerifBold12pt7b,1,Serif,12,BOLD
FreeSerifBold18pt7b,Fonts/FreeSerifBold18pt7b.h,NULL,E_FONT_SERIFB3,GSLC_FONTREF_PTR,&FreeSerifBold18pt7b,1,Serif,18,BOLD
FreeSerifBold24pt7b,Fonts/FreeSerifBold24pt7b.h,NULL,E_FONT_SERIFB4,GSLC_FONTREF_PTR,&FreeSerifBold24pt7b,1,Serif,24,BOLD
FreeSerifItalic9pt7b,Fonts/FreeSerifItalic9pt7b.h,NULL,E_FONT_SERIFI1,GSLC_FONTREF_PTR,&FreeSerifItalic9pt7b,1,Serif,9,ITALIC
FreeSerifItalic12pt7b,Fonts/FreeSerifItalic12pt7b.h,NULL,E_FONT_SERIFI2,GSLC_FONTREF_PTR,&FreeSerifItalic9pt7b,1,Serif,12,ITALIC
FreeSerifItalic18pt7b,Fonts/FreeSerifItalic18pt7b.h,NULL,E_FONT_SERIFI3,GSLC_FONTREF_PTR,&FreeSerifItalic9pt7b,1,Serif,18,ITALIC
FreeSerifItalic24pt7b,Fonts/FreeSerifItalic24pt7b.h,NULL,E_FONT_SERIFI4,GSLC_FONTREF_PTR,&FreeSerifItalic9pt7b,1,Serif,24,ITALIC
#FreeSerifBoldItalic9pt7b,Fonts/FreeSerifBoldItalic9pt7b.h,NULL,E_FONT_SERIFBI1,GSLC_FONTREF_PTR,&FreeSerifItalic9pt7b,1,Serif,9,BOLD+ITALIC
#FreeSerifBoldItalic12pt7b,Fonts/FreeSerifBoldItalic12pt7b.h,NULL,E_FONT_SERIFBI2,GSLC_FONTREF_PTR,&FreeSerifItalic12pt7b,1,Serif,12,BOLD+ITALIC
#FreeSerifBoldItalic18pt7b,Fonts/FreeSerifBoldItalic18pt7b.h,NULL,E_FONT_SERIFBI3,GSLC_FONTREF_PTR,&FreeSerifItalic18pt7b,1,Serif,18,BOLD+ITALIC
#FreeSerifBoldItalic24pt7b,Fonts/FreeSerifBoldItalic24pt7b.h,NULL,E_FONT_SERIFBI4,GSLC_FONTREF_PTR,&FreeSerifItalic24pt7b,1,Serif,24,BOLD+ITALIC
FreeMono9pt7b,Fonts/FreeMono9pt7b.h,NULL,E_FONT_MONO1,GSLC_FONTREF_PTR,&FreeMono9pt7b,1,Monospaced,9,PLAIN
FreeMono12pt7b,Fonts/FreeMono12pt7b.h,NULL,E_FONT_MONO2,GSLC_FONTREF_PTR,&FreeMono12pt7b,1,Monospaced,12,PLAIN
FreeMono18pt7b,Fonts/FreeMono18pt7b.h,NULL,E_FONT_MONO3,GSLC_FONTREF_PTR,&FreeMono18pt7b,1,Monospaced,18,PLAIN
FreeMono24pt7b,Fonts/FreeMono24pt7b.h,NULL,E_FONT_MONO4,GSLC_FONTREF_PTR,&FreeMono24pt7b,1,Monospaced,24,PLAIN
FreeMonoBold9pt7b,Fonts/FreeMonoBold9pt7b.h,NULL,E_FONT_MONOB1,GSLC_FONTREF_PTR,&FreeMonoBold9pt7b,1,Monospaced,9,BOLD
FreeMonoBold12pt7b,Fonts/FreeMonoBold12pt7b.h,NULL,E_FONT_MONOB2,GSLC_FONTREF_PTR,&FreeMonoBold12pt7b,1,Monospaced,12,BOLD
FreeMonoBold18pt7b,Fonts/FreeMonoBold18pt7b.h,NULL,E_FONT_MONOB3,GSLC_FONTREF_PTR,&FreeMonoBold18pt7b,1,Monospaced,18,BOLD
FreeMonoBold24pt7b,Fonts/FreeMonoBold24pt7b.h,NULL,E_FONT_MONOB4,GSLC_FONTREF_PTR,&FreeMonoBold24pt7b,1,Monospaced,24,BOLD
FreeMonoOblique9pt7b,Fonts/FreeMonoOblique9pt7b.h,NULL,E_FONT_MONOI1,GSLC_FONTREF_PTR,&FreeMonoOblique9pt7b,1,Monospaced,9,ITALIC
FreeMonoOblique12pt7b,Fonts/FreeMonoOblique12pt7b.h,NULL,E_FONT_MONOI2,GSLC_FONTREF_PTR,&FreeMonoOblique12pt7b,1,Monospaced,12,ITALIC
FreeMonoOblique18pt7b,Fonts/FreeMonoOblique18pt7b.h,NULL,E_FONT_MONOI3,GSLC_FONTREF_PTR,&FreeMonoOblique18pt7b,1,Monospaced,18,ITALIC
FreeMonoOblique24pt7b,Fonts/FreeMonoOblique24pt7b.h,NULL,E_FONT_MONOI4,GSLC_FONTREF_PTR,&FreeMonoOblique24pt7b,1,Monospaced,24,ITALIC
#FreeMonoBoldOblique9pt7b,Fonts/FreeMonoBoldOblique9pt7b.h,NULL,E_FONT_MONOBI1,GSLC_FONTREF_PTR,&FreeMonoBoldOblique9pt7b,1,Monospaced,9,BOLD+ITALIC
#FreeMonoBoldOblique12pt7b,Fonts/FreeMonoBoldOblique12pt7b.h,NULL,E_FONT_MONOBI2,GSLC_FONTREF_PTR,&FreeMonoBoldOblique9pt7b,1,Monospaced,12,BOLD+ITALIC
#FreeMonoBoldOblique18pt7b,Fonts/FreeMonoBoldOblique18pt7b.h,NULL,E_FONT_MONOBI3,GSLC_FONTREF_PTR,&FreeMonoBoldOblique9pt7b,1,Monospaced,18,BOLD+ITALIC
#FreeMonoBoldOblique24pt7b,Fonts/FreeMonoBoldOblique24pt7b.h,NULL,E_FONT_MONOBI4,GSLC_FONTREF_PTR,&FreeMonoBoldOblique9pt7b,1,Monospaced,24,BOLD+ITALIC
