{
  "name": "GUIslice",
  "version": "0.11.2",
  "keywords": "arduino, GUI, tft, embedded, ILI9341, ESP32, ESP8266, NodeMCU, SDL, STM32, M5Stack, feather, adafruit-gfx, raspberry pi, linux, mcufriend",
  "description": "GUIslice embedded touchscreen GUI library in C for Arduino & Raspberry Pi. Drag & drop GUI supports Adafruit-GFX and TFT_eSPI graphics drivers on Arduino, ESP8266 / NodeMCU, ESP32, Feather M0, nRF52, STM32",
  "repository":
  {
    "type": "git",
    "url": "https://github.com/ImpulseAdventure/GUIslice"
  },
  "authors":
  {
    "name": "Calvin Hass",
    "email": "guislice@gmail.com",
    "maintainer": true
  },
  "frameworks": "arduino",
  "platforms": "atmelavr, atmelsam, espressif8266, espressif32, ststm32",
  "license": "MIT",
  "examples": [
    "examples/arduino/ex*_ard_*/ex*_ard_*.ino",
    "examples/arduino_min/ex*_ardmin_*/ex*_ardmin_*.ino",
    "examples/linux/ex*_lnx_*.c"
  ]
}

